<?xml version='1.0' encoding='UTF-8'?>
<com.cloudbees.plugins.credentials.SystemCredentialsProvider plugin="credentials@1.23">
  <domainCredentialsMap class="hudson.util.CopyOnWriteMap$Hash">
    <entry>
      <com.cloudbees.plugins.credentials.domains.Domain>
        <specifications/>
      </com.cloudbees.plugins.credentials.domains.Domain>
      <java.util.concurrent.CopyOnWriteArrayList>
        <com.cloudbees.plugins.credentials.impl.UsernamePasswordCredentialsImpl>
          <scope>SYSTEM</scope>
          <id>080d54ee-0c7e-491f-9391-7844c6c082f7</id>
          <description></description>
          <username>dilgerm</username>
          <password>JFVDprYs9BIZEl9X8QS6SuHrNy1GwVVQEhNJ0qQXtls=</password>
        </com.cloudbees.plugins.credentials.impl.UsernamePasswordCredentialsImpl>
        <com.cloudbees.plugins.credentials.impl.UsernamePasswordCredentialsImpl>
          <scope>GLOBAL</scope>
          <id>ba751524-41a2-4ffd-9d46-476f50d8514f</id>
          <description></description>
          <username>dilgerm</username>
          <password>Cws9uHnSN72p1zyYB0aWEM/9aldrUDXElw+q9zp3PY4=</password>
        </com.cloudbees.plugins.credentials.impl.UsernamePasswordCredentialsImpl>
        <com.cloudbees.plugins.credentials.impl.UsernamePasswordCredentialsImpl>
          <scope>GLOBAL</scope>
          <id>2e7269ca-9781-4c67-aabe-f74bad85cd70</id>
          <description></description>
          <username>dilgerma</username>
          <password>JFVDprYs9BIZEl9X8QS6SuHrNy1GwVVQEhNJ0qQXtls=</password>
        </com.cloudbees.plugins.credentials.impl.UsernamePasswordCredentialsImpl>
      </java.util.concurrent.CopyOnWriteArrayList>
    </entry>
  </domainCredentialsMap>
</com.cloudbees.plugins.credentials.SystemCredentialsProvider>