<?xml version='1.0' encoding='UTF-8'?>
<org.jvnet.hudson.plugins.thinbackup.backup.PluginList plugin="thinBackup@1.7.4">
  <plugins>
    <entry>
      <string>credentials</string>
      <string>1.23</string>
    </entry>
    <entry>
      <string>git-changelog</string>
      <string>1.1</string>
    </entry>
    <entry>
      <string>jquery</string>
      <string>1.11.2-0</string>
    </entry>
    <entry>
      <string>matrix-project</string>
      <string>1.4.1</string>
    </entry>
    <entry>
      <string>javadoc</string>
      <string>1.1</string>
    </entry>
    <entry>
      <string>pam-auth</string>
      <string>1.1</string>
    </entry>
    <entry>
      <string>maven-plugin</string>
      <string>2.7.1</string>
    </entry>
    <entry>
      <string>git</string>
      <string>2.4.0</string>
    </entry>
    <entry>
      <string>ldap</string>
      <string>1.11</string>
    </entry>
    <entry>
      <string>ssh-credentials</string>
      <string>1.11</string>
    </entry>
    <entry>
      <string>git-client</string>
      <string>1.19.0</string>
    </entry>
    <entry>
      <string>scm-api</string>
      <string>0.2</string>
    </entry>
    <entry>
      <string>copyartifact</string>
      <string>1.36.1</string>
    </entry>
    <entry>
      <string>cvs</string>
      <string>2.11</string>
    </entry>
    <entry>
      <string>junit</string>
      <string>1.2-beta-4</string>
    </entry>
    <entry>
      <string>windows-slaves</string>
      <string>1.0</string>
    </entry>
    <entry>
      <string>parameterized-trigger</string>
      <string>2.29</string>
    </entry>
    <entry>
      <string>ant</string>
      <string>1.2</string>
    </entry>
    <entry>
      <string>delivery-pipeline-plugin</string>
      <string>0.9.7</string>
    </entry>
    <entry>
      <string>clone-workspace-scm</string>
      <string>0.6</string>
    </entry>
    <entry>
      <string>ssh-slaves</string>
      <string>1.9</string>
    </entry>
    <entry>
      <string>mailer</string>
      <string>1.15</string>
    </entry>
    <entry>
      <string>matrix-auth</string>
      <string>1.1</string>
    </entry>
    <entry>
      <string>antisamy-markup-formatter</string>
      <string>1.1</string>
    </entry>
    <entry>
      <string>multiple-scms</string>
      <string>0.5</string>
    </entry>
    <entry>
      <string>gradle</string>
      <string>1.24</string>
    </entry>
    <entry>
      <string>subversion</string>
      <string>1.54</string>
    </entry>
    <entry>
      <string>build-pipeline-plugin</string>
      <string>1.4.8</string>
    </entry>
    <entry>
      <string>token-macro</string>
      <string>1.10</string>
    </entry>
    <entry>
      <string>script-security</string>
      <string>1.13</string>
    </entry>
    <entry>
      <string>translation</string>
      <string>1.10</string>
    </entry>
    <entry>
      <string>thinBackup</string>
      <string>1.7.4</string>
    </entry>
    <entry>
      <string>external-monitor-job</string>
      <string>1.4</string>
    </entry>
    <entry>
      <string>Hudson core</string>
      <string>1.643</string>
    </entry>
  </plugins>
</org.jvnet.hudson.plugins.thinbackup.backup.PluginList>